{"type": "metrics", "dataset": "train", "precision": 0.7206461780929866, "balanced_accuracy": 0.6717000142154197, "recall": 0.3870899470899471, "f1_score": 0.5036486300426821}
{"type": "metrics", "dataset": "test", "precision": 0.6749769159741459, "balanced_accuracy": 0.6668794948913066, "recall": 0.38352570828961174, "f1_score": 0.4891267982602877}
{"type": "cm_matrix", "dataset": "train", "true_0": {"predicted_0": 15519, "predicted_1": 709}, "true_1": {"predicted_0": 709, "predicted_1": 1829}}
{"type": "cm_matrix", "dataset": "test", "true_0": {"predicted_0": 6721, "predicted_1": 352}, "true_1": {"predicted_0": 352, "predicted_1": 731}}
